fechas,INPC,Inflaci√≥n
1969-01-01,0.01159484238536,
1969-02-01,0.011636457741601,
1969-03-01,0.011647943020915,
1969-04-01,0.011679513291063,
1969-05-01,0.011679513291063,
1969-06-01,0.011721133828656,
1969-07-01,0.011765624389987,
1969-08-01,0.011778544681171,
1969-09-01,0.011889050989392,
1969-10-01,0.012013912601418,
1969-11-01,0.012015347613288,
1969-12-01,0.012105763749324,
1970-01-01,0.012197614897229,0.05198626180810173
1970-02-01,0.01219617988536,0.04810073273054227
1970-03-01,0.01223206037322,0.05014768283603055
1970-04-01,0.012247845508294,0.04866060794381544
1970-05-01,0.012273680910061,0.05087263520241447
1970-06-01,0.012348311911022,0.05350831169870829
1970-07-01,0.01240858760818,0.054647607035644086
1970-08-01,0.012465993280846,0.05836447696071878
1970-09-01,0.012496133719725,0.05106233717684172
1970-10-01,0.012500438756085,0.04049689479259033
1970-11-01,0.012567894695444,0.04598677457695266
1970-12-01,0.012674095966554,0.046947241743565016
1971-01-01,0.01279895757858,0.049300021882770606
1971-02-01,0.012852058214135,0.053777357741525256
1971-03-01,0.012900853812579,0.0546754527817086
1971-04-01,0.012966874739317,0.05870658888831404
1971-05-01,0.012994145153705,0.05869993271972884
1971-06-01,0.013052985838241,0.0570664178469622
1971-07-01,0.013042940752149,0.051122107043900966
1971-08-01,0.013162057133842,0.055837014934501994
1971-09-01,0.013205112683304,0.05673586562697275
1971-10-01,0.013218032974488,0.05740552251045483
1971-11-01,0.013239558159294,0.053442798505742184
1971-12-01,0.013302709061542,0.04959825905112791
1972-01-01,0.013361549746078,0.043956092833649096
1972-02-01,0.013403170283671,0.04288123041100733
1972-03-01,0.013476366272012,0.044610416317705015
1972-04-01,0.013561042358315,0.04582196025973917
1972-05-01,0.013588307592103,0.04572539642814344
1972-06-01,0.013688768814232,0.048707857640384544
1972-07-01,0.013740439617765,0.053477116769167
1972-08-01,0.013830855753801,0.050812620942010556
1972-09-01,0.013894001475449,0.052168338784113644
1972-10-01,0.013904046561542,0.05189982415523309
1972-11-01,0.013994462697578,0.05701886189865535
1972-12-01,0.014041828464751,0.05556157018766861
1973-01-01,0.0142456209335,0.06616531796257386
1973-02-01,0.014363307483172,0.07163508178887557
1973-03-01,0.014489604107068,0.07518627904617836
1973-04-01,0.014719231977583,0.08540564867108857
1973-05-01,0.014875669040357,0.09474038172363453
1973-06-01,0.014997655446541,0.09561755699666508
1973-07-01,0.015382285367961,0.11949004514187878
1973-08-01,0.015629138566771,0.13001963471969513
1973-09-01,0.016000848196256,0.15163714531985928
1973-10-01,0.016206080857473,0.1655657786919622
1973-11-01,0.01640557346971,0.17229034256165376
1973-12-01,0.01704279145757,0.21371597013539034
1974-01-01,0.017652744212393,0.2391698680456118
1974-02-01,0.018051724256265,0.25679438927380316
1974-03-01,0.018190941171344,0.25544777047914624
1974-04-01,0.018437789189555,0.2526325570271102
1974-05-01,0.018582746153615,0.2492040595418512
1974-06-01,0.018766448450177,0.2512921447668821
1974-07-01,0.019037696858285,0.23763773736363492
1974-08-01,0.019238624482391,0.23094592835040229
1974-09-01,0.019456772254943,0.21598380387707472
1974-10-01,0.019842832007633,0.2244065781322453
1974-11-01,0.020393944077168,0.24311070959036107
1974-12-01,0.020553251164433,0.20597915051666815
1975-01-01,0.020815889498317,0.17918717044023857
1975-02-01,0.020930700842899,0.15948485284638814
1975-03-01,0.021062737516527,0.15786958564337006
1975-04-01,0.021240699763357,0.1520198839994249
1975-05-01,0.021524868462648,0.15832548562585047
1975-06-01,0.021890838043152,0.16648805986225534
1975-07-01,0.022065930265491,0.15906511327225736
1975-08-01,0.022256812804255,0.15688171078065016
1975-09-01,0.022418984735411,0.1522458320246538
1975-10-01,0.022533801260593,0.1356141730134519
1975-11-01,0.022691673335988,0.11266723347507956
1975-12-01,0.02287681064442,0.11305070236322878
1976-01-01,0.023318846237755,0.12024260311529655
1976-02-01,0.023755141782108,0.1349424923899396
1976-03-01,0.023987639677114,0.1388661924069441
1976-04-01,0.024155556838602,0.13722980446592947
1976-05-01,0.02432490901196,0.13008397956860462
1976-06-01,0.024422500208847,0.11564939454142853
1976-07-01,0.024629167882685,0.1161626809454146
1976-08-01,0.024864535802933,0.11716515844440512
1976-09-01,0.025712731681591,0.14691775676074648
1976-10-01,0.027160830049132,0.20533725025039273
1976-11-01,0.028387910619629,0.25102764345752404
1976-12-01,0.02909975960845,0.2720199533385512
1977-01-01,0.030026891525182,0.2876662601156552
1977-02-01,0.03068994491556,0.2919285095016855
1977-03-01,0.031225266669421,0.3017231828445479
1977-04-01,0.031697442701635,0.31222156928217126
1977-05-01,0.031975866170593,0.31453178940448234
1977-06-01,0.032367671152864,0.32532176788103295
1977-07-01,0.032733645913967,0.32906016435007857
1977-08-01,0.033405309377817,0.34349217868272186
1977-09-01,0.033998041984945,0.32222598539718184
1977-10-01,0.034257810294339,0.2612946744399589
1977-11-01,0.034632389948314,0.21996966991882871
1977-12-01,0.03511174104213,0.20659900681565224
1978-01-01,0.035892480982932,0.1953445448334481
1978-02-01,0.036407712564607,0.1863075240043215
1978-03-01,0.036786597255694,0.17810354176155774
1978-04-01,0.03719562756626,0.1734583107028187
1978-05-01,0.037560162134143,0.17464095995891027
1978-06-01,0.038076828728439,0.17638456435781702
1978-07-01,0.038722661971122,0.1829620835056316
1978-08-01,0.03910872690366,0.17073386333103047
1978-09-01,0.039555067534107,0.16345134086318147
1978-10-01,0.040034418627922,0.1686216452234126
1978-11-01,0.040446313782379,0.16787532834845642
1978-12-01,0.040789323166206,0.16170038726543234
1979-01-01,0.042237421533746,0.1767763157367479
1979-02-01,0.042844504263327,0.1767974762846647
1979-03-01,0.043425751591141,0.18047753341522688
1979-04-01,0.043814686549672,0.17795260939261914
1979-05-01,0.044388763996484,0.18180437661459514
1979-06-01,0.044881030200883,0.1786966430679151
1979-07-01,0.045424962028217,0.17308469294010154
1979-08-01,0.046112415808492,0.17908250815949112
1979-09-01,0.046677878001232,0.1800732728109551
1979-10-01,0.047493063416521,0.1863058099561603
1979-11-01,0.048104451183965,0.18934079982642027
1979-12-01,0.048955511907266,0.20020407565442744
1980-01-01,0.051342222289501,0.21556241894360495
1980-02-01,0.052529117335026,0.22604096460484913
1980-03-01,0.053609811109442,0.23451659775944034
1980-04-01,0.054546982931667,0.24494746458651417
1980-05-01,0.055436799348669,0.2488926105953324
1980-06-01,0.056536148282649,0.2596891833721031
1980-07-01,0.058114848311197,0.2793593151513769
1980-08-01,0.059318963504417,0.2863989549099464
1980-09-01,0.059977717037532,0.28492809882979175
1980-10-01,0.0608861834335,0.2820016030450472
1980-11-01,0.061942481999369,0.28766632764364064
1980-12-01,0.063567107601118,0.29846681455461077
1981-01-01,0.065615113636637,0.27799519986992594
1981-02-01,0.067226824128553,0.2798011377154188
1981-03-01,0.06866487222865,0.280826602587235
1981-04-01,0.070213436998918,0.287210276815437
1981-05-01,0.071275470432418,0.2857068097335831
1981-06-01,0.07227148812053,0.2783235207183399
1981-07-01,0.07354449426498,0.26550264523034395
1981-08-01,0.075060048571128,0.2653634543958088
1981-09-01,0.076456481314983,0.2747481079871572
1981-10-01,0.078152867893203,0.2835895351949871
1981-11-01,0.079656936920789,0.2859823234335437
1981-12-01,0.081801099141325,0.28684633025345163
1982-01-01,0.085865535761614,0.30862435500942165
1982-02-01,0.089239653758489,0.3274411652682334
1982-03-01,0.092498950048831,0.3471072914956417
1982-04-01,0.097512043769908,0.3887946230492989
1982-05-01,0.102993008486838,0.4449993505759313
1982-06-01,0.107954431404381,0.49373472460316803
1982-07-01,0.113517202183875,0.5435173403310625
1982-08-01,0.126255878883947,0.6820649771403369
1982-09-01,0.132995499622874,0.7394928112760424
1982-10-01,0.139890117231354,0.789955007441516
1982-11-01,0.146962697086664,0.8449453715852016
1982-12-01,0.162656416386952,0.9884380294931734
1983-01-01,0.180355086174049,1.1004362760253845
1983-02-01,0.190033959196015,1.1294788941058376
1983-03-01,0.199232046112296,1.1538844063323928
1983-04-01,0.211845861201845,1.1725097025114364
1983-05-01,0.221033903032033,1.1461058986375763
1983-06-01,0.22940388942169,1.125006694374385
1983-07-01,0.240746133378659,1.1207898780723893
1983-08-01,0.250090607091021,0.9808234618595584
1983-09-01,0.257787495004958,0.938317429807384
1983-10-01,0.266341178510578,0.9039313411260914
1983-11-01,0.281983237367781,0.9187402174682144
1983-12-01,0.294047380580263,0.8077822388557856
1984-01-01,0.312727717931516,0.7339556347732981
1984-02-01,0.329232317610734,0.7324920188140667
1984-03-01,0.343304281333764,0.7231378587572328
1984-04-01,0.358155549984224,0.6906421865045373
1984-05-01,0.370031685863033,0.6740947012522631
1984-06-01,0.38342337604799,0.6713900405724227
1984-07-01,0.395992705756055,0.6448559326733423
1984-08-01,0.407248838613348,0.6284051742300298
1984-09-01,0.41938043776519,0.6268455448435313
1984-10-01,0.434033653996634,0.6296152792588021
1984-11-01,0.448929413209177,0.5920429079394314
1984-12-01,0.46799581549372,0.5915660073903504
1985-01-01,0.502711446516467,0.6075052439916933
1985-02-01,0.523596221785414,0.5903548764143047
1985-03-01,0.543885399603342,0.5842662884666183
1985-04-01,0.560621062165695,0.5653005019477966
1985-05-01,0.573902240862582,0.5509543176662217
1985-06-01,0.588275593431847,0.5342715916157843
1985-07-01,0.608762823669541,0.5373081746726913
1985-08-01,0.635376851866098,0.560168603622073
1985-09-01,0.660752314213595,0.5755439565436966
1985-10-01,0.685852223116624,0.580182128277875
1985-11-01,0.717495124989483,0.5982359450686487
1985-12-01,0.766340130588527,0.637493552757654
1986-01-01,0.834092231384849,0.6591868698528374
1986-02-01,0.871174477437797,0.6638288077541388
1986-03-01,0.911666716794128,0.676211050083364
1986-04-01,0.95926311145802,0.7110721950979857
1986-05-01,1.01257009870861,0.7643598972304146
1986-06-01,1.07756664433635,0.8317378051503144
1986-07-01,1.13133289250856,0.858413241611957
1986-08-01,1.22153124327409,0.9225302899947643
1986-09-01,1.29481166937316,0.9596021709196749
1986-10-01,1.36882402945339,0.9958002370149521
1986-11-01,1.46130432434191,1.0366749172871796
1986-12-01,1.57673462586393,1.057486699349861
1987-01-01,1.70440129279554,1.043420653811523
1987-02-01,1.82738639011058,1.0976124042167634
1987-03-01,1.94815269938473,1.1369132639122776
1987-04-01,2.11860645972715,1.208577015441572
1987-05-01,2.27832505884218,1.2500418111771836
1987-06-01,2.4431457328032,1.2672804003764244
1987-07-01,2.64102152651602,1.334433608360801
1987-08-01,2.85687154864099,1.3387625690061524
1987-09-01,3.04508139480287,1.351756218166496
1987-10-01,3.29884463353191,1.4099844556712169
1987-11-01,3.56051142266738,1.4365297244096205
1987-12-01,4.08639245860103,1.591680547614028
1988-01-01,4.71824593565043,1.7682717418687326
1988-02-01,5.11178304007227,1.7973192028440916
1988-03-01,5.37354742558597,1.7582783563542304
1988-04-01,5.53894073680059,1.6144264364765206
1988-05-01,5.64610868821594,1.4781839914824229
1988-06-01,5.76129213653915,1.3581450992400677
1988-07-01,5.8574565431644,1.2178753502594253
1988-08-01,5.91134334273018,1.0691666538323008
1988-09-01,5.94513902207915,0.9523744200157978
1988-10-01,5.99048648308192,0.8159347130780761
1988-11-01,6.07065434654802,0.7049950487169481
1988-12-01,6.19731638571804,0.516573958204612
1989-01-01,6.34902379296307,0.3456322284920976
1989-02-01,6.43518354250932,0.258892150168083
1989-03-01,6.50494489882881,0.2105494533938097
1989-04-01,6.60222444470371,0.19196517139796954
1989-05-01,6.69309876915004,0.18543569363432288
1989-06-01,6.77438463671044,0.17584466750888672
1989-07-01,6.84214821760472,0.16810908748259457
1989-08-01,6.90733277574674,0.16848783352119723
1989-09-01,6.97339279500195,0.17295706107192022
1989-10-01,7.07652501522327,0.1812938790878662
1989-11-01,7.17585543715893,0.1820563365198622
1989-12-01,7.4180295787322,0.1969744833146394
1990-01-01,7.77603730172787,0.22476109009804435
1990-02-01,7.95211985377577,0.23572541501666944
1990-03-01,8.09230991966013,0.24402436077777057
1990-04-01,8.21547154939074,0.24434902481710896
1990-05-01,8.35883767567237,0.2488740961361704
1990-06-01,8.54293858947202,0.2610648859791296
1990-07-01,8.69873483372649,0.2713455711679569
1990-08-01,8.84695044160481,0.280805591511172
1990-09-01,8.9730613687053,0.28675691051514773
1990-10-01,9.10205988764724,0.2862329841365032
1990-11-01,9.34372310267594,0.3021058164426056
1990-12-01,9.63821395386141,0.29929570266133365
1991-01-01,9.88387989480137,0.27106899199224865
1991-02-01,10.0564247219094,0.26462187527700287
1991-03-01,10.1998396437894,0.2604361109562874
1991-04-01,10.3066875511982,0.2545460706954241
1991-05-01,10.4074416711108,0.2450823996021243
1991-06-01,10.5166475834763,0.23103396721552016
1991-07-01,10.609584269262,0.21966981084729897
1991-08-01,10.6834229773116,0.2075825503746871
1991-09-01,10.7898503743119,0.20247147890271688
1991-10-01,10.915342738584,0.19921675679124418
1991-11-01,11.1863740967847,0.19720736304579112
1991-12-01,11.4496798668257,0.18794622340154143
1992-01-01,11.6577784653893,0.17947390998963364
1992-02-01,11.795900435066,0.17297158396332413
1992-03-01,11.9159477202904,0.16824853492142156
1992-04-01,12.0221713196406,0.16644375410826995
1992-05-01,12.1014378917723,0.16276778426380534
1992-06-01,12.1833451921855,0.15848183515514092
1992-07-01,12.2602724145201,0.15558462078862623
1992-08-01,12.3355922314014,0.1546479304992896
1992-09-01,12.4428965245267,0.15320380662092536
1992-10-01,12.5324935377915,0.1481539185655738
1992-11-01,12.6366203406883,0.12964399646892222
1992-12-01,12.8165534814412,0.11938094606259497
1993-01-01,12.9773197638673,0.11318977302541611
1993-02-01,13.0833453107992,0.10914341663193228
1993-03-01,13.1595936894285,0.1043681961628975
1993-04-01,13.2354804035143,0.10092262467525459
1993-05-01,13.3111374897297,0.09996329434371343
1993-06-01,13.3857971232443,0.09869636886181832
1993-07-01,13.4501234404208,0.09704931388731075
1993-08-01,13.5221121948547,0.09618670439129007
1993-09-01,13.6222606722309,0.09478212290679311
1993-10-01,13.677973025024,0.09140076424363008
1993-11-01,13.7383023563383,0.08718169779167351
1993-12-01,13.8430548971257,0.08009184506356637
1994-01-01,13.9503749805667,0.07498121602957442
1994-02-01,14.022124062044,0.07175372421531345
1994-03-01,14.0942247629785,0.07102279109884813
1994-04-01,14.1632513049319,0.07009725927071431
1994-05-01,14.231682244253,0.06915597973753562
1994-06-01,14.3028945689645,0.06851272563571653
1994-07-01,14.3663267698675,0.06811858147660521
1994-08-01,14.4332866454444,0.06738403272059923
1994-09-01,14.5359366445482,0.06707227194527543
1994-10-01,14.6122453040552,0.06830487801971374
1994-11-01,14.690360856448,0.06929957395139574
1994-12-01,14.8192043681591,0.07051546629610517
1995-01-01,15.3769909442995,0.10226362844870618
1995-02-01,16.0287073487094,0.1431012361455959
1995-03-01,16.9736172029501,0.20429590760713134
1995-04-01,18.3261332553113,0.2939213504550193
1995-05-01,19.0920901909918,0.34152026888469345
1995-06-01,19.698024268685,0.37720544423415237
1995-07-01,20.099588355294,0.39907637333237256
1995-08-01,20.4329812657101,0.4156845746675024
1995-09-01,20.8556425301303,0.4347642701065535
1995-10-01,21.2847621166146,0.45663870772191584
1995-11-01,21.8096083843478,0.4846203301244958
1995-12-01,22.5201672711919,0.5196610230694487
1996-01-01,23.3297537612935,0.5171858945486483
1996-02-01,23.8742620287622,0.4894689577500153
1996-03-01,24.3998258803534,0.4375147965580719
1996-04-01,25.0934496172036,0.36927137152246714
1996-05-01,25.5508423029622,0.3382946574921286
1996-06-01,25.9669017285474,0.31824904743509563
1996-07-01,26.3360306880634,0.3102771172488612
1996-08-01,26.6860717149303,0.3060292753125513
1996-09-01,27.1127514903968,0.30001995628889433
1996-10-01,27.4511675396208,0.2897098585937583
1996-11-01,27.8670834484336,0.2777434127809968
1996-12-01,28.7593364537036,0.27704808349682764
1997-01-01,29.4988860288599,0.2644319494619629
1997-02-01,29.9945980915094,0.2563570784040907
1997-03-01,30.3678890736628,0.2445944992629987
1997-04-01,30.6959718117285,0.22326632168914373
1997-05-01,30.976119445603,0.21233261425639305
1997-06-01,31.2509569123077,0.20349193904604856
1997-07-01,31.5232110408611,0.19696135739805132
1997-08-01,31.8035021966878,0.1917640983814941
1997-09-01,32.1996125889942,0.18761877046669873
1997-10-01,32.4569408230776,0.1823519264246911
1997-11-01,32.8200420108443,0.17773508919854697
1997-12-01,33.2798745076214,0.15718506096950136
1998-01-01,34.00392411086,0.15271892225328942
1998-02-01,34.5992378438525,0.15351563432505344
1998-03-01,35.0045333976035,0.15268247037828964
1998-04-01,35.3320420634022,0.15103187741077861
1998-05-01,35.6134813637621,0.1497076457980071
1998-06-01,36.0344204113821,0.15306614490228654
1998-07-01,36.3818781104596,0.1541298271708611
1998-08-01,36.731632103784,0.15495557302520746
1998-09-01,37.3273763870906,0.15924923891317455
1998-10-01,37.8622689272582,0.16653843421796832
1998-11-01,38.5327862255935,0.1740626722190548
1998-12-01,39.4729743246935,0.186091441410148
1999-01-01,40.4697702805404,0.19015000000001114
1999-02-01,41.013642812364,0.18539151057199343
1999-03-01,41.3946837830669,0.1825520801228817
1999-04-01,41.7745766092366,0.18234254714951037
1999-05-01,42.0258770767504,0.18005528994739417
1999-06-01,42.3020062047591,0.17393330381962446
1999-07-01,42.581579771548,0.1704063116880712
1999-08-01,42.8212552562384,0.16578689275903602
1999-09-01,43.2350183927565,0.15826566390315633
1999-10-01,43.508851226519,0.14913481043909793
1999-11-01,43.8957764470198,0.1391799230408155
1999-12-01,44.335516388566,0.12318661431172129
2000-01-01,44.9308301163779,0.11023190408329464
2000-02-01,45.3293803145216,0.10522687589351554
2000-03-01,45.5806807820354,0.10112402406322629
2000-04-01,45.8400182716419,0.09731856053105781
2000-05-01,46.0113790737289,0.09483447519012911
2000-06-01,46.2839202410061,0.09413061917141463
2000-07-01,46.4644662097181,0.09118699820443377
2000-08-01,46.7197851882783,0.09104193486882761
2000-09-01,47.0610716040147,0.08849431209908332
2000-10-01,47.3851358258534,0.089091862691419
2000-11-01,47.7902878628328,0.08872177988498509
2000-12-01,48.307671180741,0.08959306478720541
2001-01-01,48.5754762479341,0.08111682161482436
2001-02-01,48.5433281595649,0.070902090934027
2001-03-01,48.8508877817244,0.07174546197164045
2001-04-01,49.0973086323825,0.07105778931933071
2001-05-01,49.2099704636254,0.06951739883238583
2001-06-01,49.3263637671915,0.0657343524563827
2001-07-01,49.1982019640303,0.05883497600022869
2001-08-01,49.4896875471858,0.05928756623655129
2001-09-01,49.9503811497724,0.061394894915890896
2001-10-01,50.1761353677535,0.0589003174361975
2001-11-01,50.3651489088722,0.05387833305021594
2001-12-01,50.434898785093,0.04403498559044716
2002-01-01,50.9004720097159,0.04786357111384332
2002-02-01,50.8677498490805,0.047883443052670005
2002-03-01,51.1279484444964,0.046612472488654744
2002-04-01,51.4072349725615,0.04704792186216644
2002-05-01,51.5114292313976,0.04676813958816273
2002-06-01,51.7625861769592,0.04938986423702518
2002-07-01,51.9111813533618,0.05514387276419197
2002-08-01,52.1085603012643,0.05291754472245436
2002-09-01,52.4219835649941,0.049481152262097705
2002-10-01,52.6530360866857,0.049364119033448395
2002-11-01,53.0788772813736,0.053881075134146084
2002-12-01,53.3099298030651,0.057004794045941054
2003-01-01,53.5254406753155,0.051570615398194075
2003-02-01,53.6741224549695,0.05516997732778095
2003-03-01,54.0129304127862,0.05642671094893803
2003-04-01,54.1051441994704,0.05248111921111698
2003-05-01,53.9305596707487,0.04696298424343803
2003-06-01,53.9751123991466,0.04274373414464838
2003-07-01,54.0533387013335,0.041265817731828136
2003-08-01,54.2154899105024,0.04043346423422456
2003-09-01,54.5382381638973,0.04036960173930493
2003-10-01,54.7382073867067,0.03960210948876819
2003-11-01,55.1925416053699,0.03982119502625614
2003-12-01,55.4298107868381,0.03976521806733113
2004-01-01,55.7743173494501,0.04201509872242348
2004-02-01,56.1079447574531,0.045344426534881466
2004-03-01,56.2980709356166,0.04230728652132987
2004-04-01,56.3830319525618,0.04210113080363431
2004-05-01,56.2416029426468,0.042852202647390314
2004-06-01,56.3317445094056,0.04366145813336475
2004-07-01,56.4793901790965,0.044882546315370364
2004-08-01,56.8280411815599,0.048188281160425506
2004-09-01,57.2979170496642,0.05060080740917172
2004-10-01,57.6947471653946,0.05401236028430678
2004-11-01,58.1868993976974,0.054252942612017296
2004-12-01,58.3070881533761,0.05190848256009595
2005-01-01,58.3091603733014,0.045448212444617164
2005-02-01,58.5034309913156,0.042694243109738794
2005-03-01,58.7671209768338,0.043856743227327355
2005-04-01,58.9764151893082,0.0459958102098581
2005-05-01,58.8282514646358,0.045991728305232904
2005-06-01,58.771783471666,0.043315522775137616
2005-07-01,59.0017998833952,0.04466071068225297
2005-08-01,59.0722553608615,0.03949131683303242
2005-09-01,59.3090064873482,0.03509882280608645
2005-10-01,59.4545799371139,0.030502478270237443
2005-11-01,59.8824933517271,0.029140476148086236
2005-12-01,60.2503123885007,0.03332741003997608
2006-01-01,60.6036258857962,0.03935000088846041
2006-02-01,60.6963577274618,0.03748372871450445
2006-03-01,60.7725118097234,0.03412436749590175
2006-04-01,60.8616172665192,0.031965355492694636
2006-05-01,60.5906745112619,0.029958786854060726
2006-06-01,60.6429980643804,0.031838655936254234
2006-07-01,60.8092937134007,0.03063455409119098
2006-08-01,61.1196086472422,0.034658458084489974
2006-09-01,61.7366121300559,0.04093148387548129
2006-10-01,62.0065187753508,0.04292249379166635
2006-11-01,62.3318573036518,0.040902838456275736
2006-12-01,62.6924235706863,0.04053275552230495
2007-01-01,63.0162079340435,0.03980920304659108
2007-02-01,63.1923466277105,0.04112254826650652
2007-03-01,63.3291131427925,0.04206838349998976
2007-04-01,63.2912951291521,0.039921348984091054
2007-05-01,62.9825343602545,0.03947570922895105
2007-06-01,63.0581703875346,0.039826070613959264
2007-07-01,63.3260048129042,0.041386948372809096
2007-08-01,63.5839961936272,0.04032073504607103
2007-09-01,64.0777025908746,0.037920617605107454
2007-10-01,64.3274050918955,0.037429714849066986
2007-11-01,64.7812212555773,0.039295539357881326
2007-12-01,65.0490556809461,0.037590381357687885
2008-01-01,65.350563680104,0.03704373561328511
2008-02-01,65.5448342981189,0.03722741433021581
2008-03-01,66.0198907160361,0.04248879290598184
2008-04-01,66.1701266606339,0.045485426164960874
2008-05-01,66.0986350732053,0.04947563232573304
2008-06-01,66.3721681033693,0.05255461259766925
2008-07-01,66.7420593600682,0.05394394541794756
2008-08-01,67.1274922662089,0.05572937035588299
2008-09-01,67.5849348147597,0.0547340507239813
2008-10-01,68.0454856931997,0.05779932512422503
2008-11-01,68.8189417803872,0.0623285644597551
2008-12-01,69.295552363249,0.06528145009715747
2009-01-01,69.4561494074742,0.06282402929938535
2009-02-01,69.6094936819603,0.06201342069695426
2009-03-01,70.0099501825605,0.06043723222273112
2009-04-01,70.2549901887493,0.06173274458224043
2009-05-01,70.0503584711078,0.05978524962771026
2009-06-01,70.1793541614693,0.05736118265973489
2009-07-01,70.3705164495951,0.05436537506209782
2009-08-01,70.5388843185408,0.050819596221519214
2009-09-01,70.8927158708178,0.04894257966104765
2009-10-01,71.107190633106,0.04499497518043705
2009-11-01,71.4760457798425,0.03861006767489328
2009-12-01,71.7718551742052,0.035735378772584925
2010-01-01,72.5520459761509,0.04457339767734858
2010-02-01,72.9716705110621,0.04830054998623168
2010-03-01,73.4897254924342,0.04970401065562413
2010-04-01,73.2555646408536,0.04270976971234153
2010-05-01,72.7939776524521,0.03916638317384069
2010-06-01,72.7711832332712,0.03693150361342168
2010-07-01,72.9291900025896,0.03636002237992986
2010-08-01,73.1317495003058,0.03675795565543827
2010-09-01,73.5151101865211,0.036991026278100136
2010-10-01,73.9689263502028,0.040245377318625764
2010-11-01,74.5615812488919,0.04316880481264085
2010-12-01,74.93095445061,0.04401585090335214
2011-01-01,75.2959913456337,0.03782037201796884
2011-02-01,75.578460244005,0.03572331172749732
2011-03-01,75.7234509285414,0.030395071163208387
2011-04-01,75.7174409519803,0.033606679891096336
2011-05-01,75.1592643788689,0.03249289024580615
2011-06-01,75.1555081435182,0.03276468519968878
2011-07-01,75.5161067371837,0.03547162301545148
2011-08-01,75.6355550213354,0.03423691540456231
2011-09-01,75.8211130476591,0.03136773998280429
2011-10-01,76.332712302422,0.031956472384470525
2011-11-01,77.1583328325019,0.03482693821824756
2011-12-01,77.7923853596971,0.0381875678758794
2012-01-01,78.3430494621071,0.040467733567467024
2012-02-01,78.502313840976,0.03868633453938264
2012-03-01,78.5473886651842,0.037292776570730934
2012-04-01,78.3009796261795,0.03412078699064436
2012-05-01,78.0538193401046,0.038512284349200065
2012-06-01,78.4136666866999,0.043352225587509396
2012-07-01,78.8538974697999,0.044199719461605724
2012-08-01,79.0905402968928,0.045679380214540766
2012-09-01,79.4391189374361,0.04771765731667421
2012-10-01,79.8410361199591,0.04596094795685368
2012-11-01,80.3834365045976,0.0417985142200632
2012-12-01,80.5682432838512,0.035682900213421576
2013-01-01,80.8927820181501,0.032545740477925245
2013-02-01,81.2909429653224,0.03552289082835691
2013-03-01,81.8874331390108,0.04252266727877929
2013-04-01,81.9415229280606,0.04649422420079041
2013-05-01,81.6688202416011,0.04631420899142458
2013-06-01,81.619237934972,0.04088026212420215
2013-07-01,81.5921930404471,0.03472619183720038
2013-08-01,81.8243283851193,0.03456529792266316
2013-09-01,82.1323396838752,0.03390295338698546
2013-10-01,82.5229881603462,0.03359114774459515
2013-11-01,83.2922651601659,0.03618691588785117
2013-12-01,83.7700582967726,0.03974040989873684
2014-01-01,84.5190516256987,0.04482809859024206
2014-02-01,84.7331570406876,0.042344373798611334
2014-03-01,84.9652923853597,0.03758646630337026
2014-04-01,84.8067792535609,0.03496708656508374
2014-05-01,84.5355790612417,0.0351022435632089
2014-06-01,84.6820722399183,0.037525887063372565
2014-07-01,84.9149588316606,0.04072406522479821
2014-08-01,85.2199651421359,0.04149910942176627
2014-09-01,85.5963399242743,0.042175837845749076
2014-10-01,86.0696255784602,0.04297756900444161
2014-11-01,86.7637778712663,0.041678692546359475
2014-12-01,87.1889837129635,0.04081321519532266
2015-01-01,87.1101027705992,0.030656415270432058
2015-02-01,87.2753771260292,0.030002659810266064
2015-03-01,87.6307169902037,0.031370745983606785
2015-04-01,87.4038403750225,0.03062327262419351
2015-05-01,86.9673658272733,0.028766429390279402
2015-06-01,87.1131077588797,0.028707794396833908
2015-07-01,87.2408197608029,0.02739047349423096
2015-08-01,87.4248752929864,0.025873164195420406
2015-09-01,87.7524190155658,0.025188916876573764
2015-10-01,88.2039185047178,0.024797283732947095
2015-11-01,88.6854678766753,0.02214852848224602
2015-12-01,89.0468177174109,0.021308127762603712
2016-01-01,89.3863813931126,0.026131051968884655
2016-02-01,89.7777811166536,0.028672508478660985
2016-03-01,89.9100006009976,0.026010098845233864
2016-04-01,89.6252779614159,0.025415789247496656
2016-05-01,89.2256145201034,0.025966621747693708
2016-06-01,89.3240278862912,0.02537987892167859
2016-07-01,89.5569144780335,0.026548291540369195
2016-08-01,89.8093334935994,0.027274367765718566
2016-09-01,90.357743854799,0.02968949310412805
2016-10-01,90.9061542159986,0.030636232007495767
2016-11-01,91.6168339443476,0.033053510770768124
2016-12-01,92.0390347977643,0.03360274018830367
2017-01-01,93.6038824448585,0.04718281449606665
2017-02-01,94.1447803353567,0.048642316221079174
2017-03-01,94.7224893322916,0.05352562227922619
2017-04-01,94.8389326281628,0.05817169871418848
2017-05-01,94.7254943205721,0.06164014481771396
2017-06-01,94.9636396418054,0.06313655898604775
2017-07-01,95.3227357413306,0.06438164263364987
2017-08-01,95.7937676543061,0.06663488000535267
2017-09-01,96.0935152352906,0.06347847053052513
2017-10-01,96.6982691267504,0.06371532225408405
2017-11-01,97.6951739888215,0.06634523135962289
2017-12-01,98.2728829857563,0.06773048198179743
2018-01-01,98.7949996995012,0.05545835406667843
2018-02-01,99.1713744816395,0.05339217031870902
2018-03-01,99.4921569805878,0.05035412056754485
2018-04-01,99.1548470460965,0.04550783415978765
2018-05-01,98.9940801730873,0.04506269281709274
2018-06-01,99.3764649317868,0.04646857793810555
2018-07-01,99.9090991045135,0.04811405513610656
2018-08-01,100.492,0.049045281971250576
2018-09-01,100.917,0.05019573644380504
2018-10-01,101.44,0.04903635727992417
2018-11-01,102.303,0.04716533911599097
2018-12-01,103.02,0.048305461995368004
2019-01-01,103.108,0.04365605864281985
2019-02-01,103.079,0.039402756478725154
2019-03-01,103.476,0.040041779576549974
2019-04-01,103.531,0.04413453385560717
2019-05-01,103.233,0.0428199324596088
2019-06-01,103.299,0.03947146913412225
2019-07-01,103.687,0.03781338165740533
2019-08-01,103.67,0.03162440791306764
2019-09-01,103.942,0.02997512807554714
2019-10-01,104.503,0.030195189274447864
2019-11-01,105.346,0.029744973265691144
2019-12-01,105.934,0.02828576975344599
2020-01-01,106.447,0.032383520192419635
2020-02-01,106.889,0.03696194181162027
2020-03-01,106.838,0.03249062584560658
2020-04-01,105.755,0.021481488636253765
2020-05-01,106.162,0.02837271027675259
2020-06-01,106.743,0.033340109778410065
2020-07-01,107.444,0.036234050556000374
2020-08-01,107.867,0.04048422880293234
2020-09-01,108.114,0.04013776914048228
2020-10-01,108.774,0.04086964010602556
2020-11-01,108.856,0.03331877812161821
2020-12-01,109.271,0.03150074574735218
2021-01-01,110.21,0.03535092581284571
2021-02-01,110.907,0.03759039751517923
2021-03-01,111.824,0.04666878825885923
2021-04-01,112.19,0.0608481868469577
2021-05-01,112.419,0.05893822648405256
2021-06-01,113.018,0.05878605622851163
2021-07-01,113.682,0.05805815122296276
2021-08-01,113.899,0.05592071717948954
2021-09-01,114.601,0.060001479919344236
2021-10-01,115.561,0.06239542537738796
2021-11-01,116.884,0.07374880576174037
2021-12-01,117.308,0.07355107942638028
2022-01-01,118.002,0.07070138825877881
2022-02-01,118.981,0.07279973310972254
2022-03-01,120.159,0.07453677207039644
2022-04-01,120.809,0.0768250289687138
2022-05-01,121.022,0.07652620998229853
2022-06-01,122.044,0.07986338459360454
2022-07-01,122.948,0.08150806636054941
2022-08-01,123.803,0.08695423138043346
2022-09-01,124.571,0.08699749565885107
2022-10-01,125.276,0.08406815448118299
2022-11-01,125.997,0.07796618869990768
2022-12-01,126.478,0.07817028676646087
2023-01-01,127.336,0.07910035423128425
2023-02-01,128.046,0.07618863516023566
2023-03-01,128.389,0.06849258066395358
2023-04-01,128.363,0.06252845400591012
2023-05-01,128.084,0.05835302672241416
2023-06-01,128.214,0.05055553734718621
2023-07-01,128.832,0.0478576308683345
2023-08-01,129.545,0.04638013618409875
2023-09-01,130.12,0.044544878021369305
2023-10-01,130.609,0.042570005428015145
2023-11-01,131.445,0.04323912474106528
2023-12-01,132.373,0.046608896408861566
2024-01-01,133.555,0.048839291323741874
2024-02-01,133.681,0.04400762226075017
